{
  "moscow": "https://upload.wikimedia.org/wikipedia/commons/thumb/1/17/Coat_of_arms_of_Moscow.svg/48px-Coat_of_arms_of_Moscow.svg.png",
  "spb": "https://upload.wikimedia.org/wikipedia/commons/thumb/2/2d/Coat_of_Arms_of_Saint_Petersburg.svg/48px-Coat_of_Arms_of_Saint_Petersburg.svg.png",
  "novosibirsk": "https://upload.wikimedia.org/wikipedia/commons/thumb/5/5e/Coat_of_Arms_of_Novosibirsk.svg/48px-Coat_of_Arms_of_Novosibirsk.svg.png",
  "yekaterinburg": "https://upload.wikimedia.org/wikipedia/commons/thumb/9/9d/Coat_of_Arms_of_Yekaterinburg.svg/48px-Coat_of_Arms_of_Yekaterinburg.svg.png",
  "kazan": "https://upload.wikimedia.org/wikipedia/commons/thumb/2/2c/Coat_of_Arms_of_Kazan.svg/48px-Coat_of_Arms_of_Kazan.svg.png",
  "nizhny_novgorod": "https://upload.wikimedia.org/wikipedia/commons/thumb/f/f9/Coat_of_Arms_of_Nizhny_Novgorod.svg/48px-Coat_of_Arms_of_Nizhny_Novgorod.svg.png",
  "samara": "https://upload.wikimedia.org/wikipedia/commons/thumb/a/a7/Coat_of_Arms_of_Samara_Oblast.svg/48px-Coat_of_Arms_of_Samara_Oblast.svg.png",
  "rostov_on_don": "https://upload.wikimedia.org/wikipedia/commons/thumb/5/5e/Coat_of_Arms_of_Rostov-on-Don.svg/48px-Coat_of_Arms_of_Rostov-on-Don.svg.png",
  "volgograd": "https://upload.wikimedia.org/wikipedia/commons/thumb/4/4f/Coat_of_Arms_of_Volgograd.svg/48px-Coat_of_Arms_of_Volgograd.svg.png",
  "voronezh": "https://upload.wikimedia.org/wikipedia/commons/thumb/5/5e/Coat_of_Arms_of_Voronezh.svg/48px-Coat_of_Arms_of_Voronezh.svg.png",
  "tula": "https://upload.wikimedia.org/wikipedia/commons/thumb/3/3e/Coat_of_Arms_of_Tula.svg/48px-Coat_of_Arms_of_Tula.svg.png",
  "yaroslavl": "https://upload.wikimedia.org/wikipedia/commons/thumb/5/5e/Coat_of_Arms_of_Yaroslavl.svg/48px-Coat_of_Arms_of_Yaroslavl.svg.png",
  "tver": "https://upload.wikimedia.org/wikipedia/commons/thumb/4/4a/Coat_of_Arms_of_Tver.svg/48px-Coat_of_Arms_of_Tver.svg.png",
  "smolensk": "https://upload.wikimedia.org/wikipedia/commons/thumb/5/54/Coat_of_Arms_of_Smolensk.svg/48px-Coat_of_Arms_of_Smolensk.svg.png",
  "ryazan": "https://upload.wikimedia.org/wikipedia/commons/thumb/2/2e/Coat_of_Arms_of_Ryazan.svg/48px-Coat_of_Arms_of_Ryazan.svg.png",
  "kaluga": "https://upload.wikimedia.org/wikipedia/commons/thumb/0/0d/Coat_of_Arms_of_Kaluga.svg/48px-Coat_of_Arms_of_Kaluga.svg.png",
  "vladivostok": "https://upload.wikimedia.org/wikipedia/commons/thumb/2/2e/Coat_of_Arms_of_Vladivostok.svg/48px-Coat_of_Arms_of_Vladivostok.svg.png",
  "krasnodar": "https://upload.wikimedia.org/wikipedia/commons/thumb/5/5e/Coat_of_Arms_of_Krasnodar.svg/48px-Coat_of_Arms_of_Krasnodar.svg.png",
  "sochi": "https://upload.wikimedia.org/wikipedia/commons/thumb/5/5e/Coat_of_Arms_of_Sochi.svg/48px-Coat_of_Arms_of_Sochi.svg.png",
  "kaliningrad": "https://upload.wikimedia.org/wikipedia/commons/thumb/5/5e/Coat_of_Arms_of_Kaliningrad.svg/48px-Coat_of_Arms_of_Kaliningrad.svg.png",
  "arhangelsk": "https://upload.wikimedia.org/wikipedia/commons/thumb/5/5e/Coat_of_Arms_of_Arkhangelsk.svg/48px-Coat_of_Arms_of_Arkhangelsk.svg.png",
  "petrozavodsk": "https://upload.wikimedia.org/wikipedia/commons/thumb/5/5e/Coat_of_Arms_of_Petrozavodsk.svg/48px-Coat_of_Arms_of_Petrozavodsk.svg.png",
  "perm": "https://upload.wikimedia.org/wikipedia/commons/thumb/5/5e/Coat_of_Arms_of_Perm.svg/48px-Coat_of_Arms_of_Perm.svg.png",
  "ufa": "https://upload.wikimedia.org/wikipedia/commons/thumb/5/5e/Coat_of_Arms_of_Ufa.svg/48px-Coat_of_Arms_of_Ufa.svg.png",
  "omsk": "https://upload.wikimedia.org/wikipedia/commons/thumb/5/5e/Coat_of_Arms_of_Omsk.svg/48px-Coat_of_Arms_of_Omsk.svg.png",
  "krasnoyarsk": "https://upload.wikimedia.org/wikipedia/commons/thumb/5/5e/Coat_of_Arms_of_Krasnoyarsk.svg/48px-Coat_of_Arms_of_Krasnoyarsk.svg.png",
  "irkutsk": "https://upload.wikimedia.org/wikipedia/commons/thumb/5/5e/Coat_of_Arms_of_Irkutsk.svg/48px-Coat_of_Arms_of_Irkutsk.svg.png",
  "khabarovsk": "https://upload.wikimedia.org/wikipedia/commons/thumb/5/5e/Coat_of_Arms_of_Khabarovsk.svg/48px-Coat_of_Arms_of_Khabarovsk.svg.png",
  "saratov": "https://upload.wikimedia.org/wikipedia/commons/thumb/5/5e/Coat_of_Arms_of_Saratov.svg/48px-Coat_of_Arms_of_Saratov.svg.png",
  "tyumen": "https://upload.wikimedia.org/wikipedia/commons/thumb/5/5e/Coat_of_Arms_of_Tyumen.svg/48px-Coat_of_Arms_of_Tyumen.svg.png",
  "chelyabinsk": "https://upload.wikimedia.org/wikipedia/commons/thumb/5/5e/Coat_of_Arms_of_Chelyabinsk.svg/48px-Coat_of_Arms_of_Chelyabinsk.svg.png",
  "sevastopol": "https://upload.wikimedia.org/wikipedia/commons/thumb/5/5e/Coat_of_Arms_of_Sevastopol.svg/48px-Coat_of_Arms_of_Sevastopol.svg.png",
  "simferopol": "https://upload.wikimedia.org/wikipedia/commons/thumb/5/5e/Coat_of_Arms_of_Simferopol.svg/48px-Coat_of_Arms_of_Simferopol.svg.png"
}
