{
  "moscow": "https://upload.wikimedia.org/wikipedia/commons/thumb/1/17/Coat_of_arms_of_Moscow.svg/48px-Coat_of_arms_of_Moscow.svg.png",
  "spb": "https://upload.wikimedia.org/wikipedia/commons/thumb/b/b2/Coat_of_arms_of_Saint_Petersburg.svg/48px-Coat_of_arms_of_Saint_Petersburg.svg.png",
  "novosibirsk": "https://upload.wikimedia.org/wikipedia/commons/thumb/4/4d/Coat_of_Arms_of_Novosibirsk.svg/48px-Coat_of_Arms_of_Novosibirsk.svg.png",
  "yekaterinburg": "https://upload.wikimedia.org/wikipedia/commons/thumb/9/9c/Coat_of_Arms_of_Yekaterinburg_%28Sverdlovsk_oblast%29.svg/48px-Coat_of_Arms_of_Yekaterinburg_%28Sverdlovsk_oblast%29.svg.png",
  "kazan": "https://upload.wikimedia.org/wikipedia/commons/thumb/a/a2/Coat_of_arms_of_Kazan_1859.svg/48px-Coat_of_arms_of_Kazan_1859.svg.png",
  "nizhny_novgorod": "https://upload.wikimedia.org/wikipedia/commons/thumb/6/63/Coat_of_Arms_of_Nizhny_Novgorod.svg/48px-Coat_of_Arms_of_Nizhny_Novgorod.svg.png",
  "chelyabinsk": "https://upload.wikimedia.org/wikipedia/commons/thumb/4/45/Coat_of_Arms_of_Chelyabinsk.svg/48px-Coat_of_Arms_of_Chelyabinsk.svg.png",
  "ufa": "https://upload.wikimedia.org/wikipedia/commons/thumb/4/46/Coat_of_arms_of_Ufa.svg/48px-Coat_of_arms_of_Ufa.svg.png",
  "krasnodar": "https://upload.wikimedia.org/wikipedia/commons/thumb/f/f0/Coat_of_arms_of_Krasnodar.png/48px-Coat_of_arms_of_Krasnodar.png",
  "samara": "https://upload.wikimedia.org/wikipedia/commons/thumb/b/bb/Coat_of_Arms_of_Samara_1859.svg/48px-Coat_of_Arms_of_Samara_1859.svg.png",
  "rostov_on_don": "https://upload.wikimedia.org/wikipedia/commons/thumb/9/97/Coat_of_Arms_of_Rostov-on-Don.svg/48px-Coat_of_Arms_of_Rostov-on-Don.svg.png",
  "omsk": "https://upload.wikimedia.org/wikipedia/commons/thumb/0/04/Coat_of_arms_of_Omsk.svg/48px-Coat_of_arms_of_Omsk.svg.png",
  "perm": "https://upload.wikimedia.org/wikipedia/commons/thumb/2/22/Coat_of_Arms_of_Perm.svg/48px-Coat_of_Arms_of_Perm.svg.png",
  "saratov": "https://upload.wikimedia.org/wikipedia/commons/thumb/7/74/Coat_of_Arms_of_Saratov.svg/48px-Coat_of_Arms_of_Saratov.svg.png",
  "tyumen": "https://upload.wikimedia.org/wikipedia/commons/thumb/2/27/Coat_of_Arms_of_Tyumen.svg/48px-Coat_of_Arms_of_Tyumen.svg.png",
  "mahachkala": "https://upload.wikimedia.org/wikipedia/commons/thumb/6/62/Coat_of_Arms_of_Makhachkala.svg/48px-Coat_of_Arms_of_Makhachkala.svg.png",
  "barnaul": "https://upload.wikimedia.org/wikipedia/commons/thumb/c/c3/Coat_of_Arms_of_Barnaul.svg/48px-Coat_of_Arms_of_Barnaul.svg.png",
  "khabarovsk": "https://upload.wikimedia.org/wikipedia/commons/thumb/7/74/Coat_of_Arms_of_Khabarovsk_1991-2014.svg/48px-Coat_of_Arms_of_Khabarovsk_1991-2014.svg.png",
  "irkutsk": "https://upload.wikimedia.org/wikipedia/commons/thumb/0/08/Coat_of_Arms_of_Irkutsk.svg/48px-Coat_of_Arms_of_Irkutsk.svg.png",
  "vladivostok": "https://upload.wikimedia.org/wikipedia/commons/thumb/d/de/Coat_of_Arms_of_Vladivostok.svg/48px-Coat_of_Arms_of_Vladivostok.svg.png",
  "orenburg": "https://upload.wikimedia.org/wikipedia/commons/thumb/4/40/Coat_of_Arms_of_Orenburg.svg/48px-Coat_of_Arms_of_Orenburg.svg.png",
  "luhansk": "https://upload.wikimedia.org/wikipedia/commons/thumb/c/cd/Coat_of_arms_of_Luhansk.svg/48px-Coat_of_arms_of_Luhansk.svg.png",
  "kursk": "https://upload.wikimedia.org/wikipedia/commons/thumb/8/81/Kursk_city_COA.svg/48px-Kursk_city_COA.svg.png",
  "grozny": "https://upload.wikimedia.org/wikipedia/commons/thumb/5/55/Coat_of_Arms_of_Grozny_%28Chechnya%29.svg/48px-Coat_of_Arms_of_Grozny_%28Chechnya%29.svg.png",
  "kostroma": "https://upload.wikimedia.org/wikipedia/commons/thumb/7/74/Coat_of_Arms_of_Kostroma.svg/48px-Coat_of_Arms_of_Kostroma.svg.png",
  "arhangelsk": "https://upload.wikimedia.org/wikipedia/commons/thumb/2/20/Coat_of_Arms_of_Arkhangelsk.svg/48px-Coat_of_Arms_of_Arkhangelsk.svg.png",
  "kaluga": "https://upload.wikimedia.org/wikipedia/commons/thumb/0/0a/Coat_of_Arms_of_Kaluga.svg/48px-Coat_of_Arms_of_Kaluga.svg.png",
  "krasnoyarsk": "https://upload.wikimedia.org/wikipedia/commons/thumb/e/eb/Coat_of_arms_of_Krasnoyarsk_%28Crowned%29.svg/48px-Coat_of_arms_of_Krasnoyarsk_%28Crowned%29.svg.png",
  "voronezh": "https://upload.wikimedia.org/wikipedia/commons/thumb/e/e8/Coat_of_arms_of_voronezh.svg/48px-Coat_of_arms_of_voronezh.svg.png",
  "volgograd": "https://upload.wikimedia.org/wikipedia/commons/thumb/5/54/Coat_of_Arms_of_Volgograd_oblast.svg/48px-Coat_of_Arms_of_Volgograd_oblast.svg.png",
  "izhevsk": "https://upload.wikimedia.org/wikipedia/commons/thumb/3/32/Coat_of_Arms_of_Izhevsk_%28Udmurtia%29.svg/48px-Coat_of_Arms_of_Izhevsk_%28Udmurtia%29.svg.png",
  "ulyanovsk": "https://upload.wikimedia.org/wikipedia/commons/thumb/7/7b/Coat_of_arms_of_Ulyanovsk.png/48px-Coat_of_arms_of_Ulyanovsk.png",
  "yaroslavl": "https://upload.wikimedia.org/wikipedia/commons/thumb/4/48/Coat_of_arms_of_Yaroslavl_Oblast.svg/48px-Coat_of_arms_of_Yaroslavl_Oblast.svg.png",
  "stavropol": "https://upload.wikimedia.org/wikipedia/commons/thumb/b/b8/Coat_of_arms_of_Stavropol_1878.svg/48px-Coat_of_arms_of_Stavropol_1878.svg.png",
  "sevastopol": "https://upload.wikimedia.org/wikipedia/commons/thumb/9/95/Coat_of_arms_of_Sevastopol_1893.svg/48px-Coat_of_arms_of_Sevastopol_1893.svg.png",
  "naberezhnye_chelny": "https://upload.wikimedia.org/wikipedia/commons/thumb/c/cb/Coat_of_Arms_of_Naberezhnye_Chelny_%28Tatarstan%29.svg/48px-Coat_of_Arms_of_Naberezhnye_Chelny_%28Tatarstan%29.svg.png",
  "tomsk": "https://upload.wikimedia.org/wikipedia/commons/thumb/5/55/Coat_of_Arms_of_Tomsk_1859_%28project%29.svg/48px-Coat_of_Arms_of_Tomsk_1859_%28project%29.svg.png",
  "balashikha": "https://upload.wikimedia.org/wikipedia/commons/thumb/9/93/Coat_of_Arms_of_Balashikha_with_canton.png/48px-Coat_of_Arms_of_Balashikha_with_canton.png",
  "kemerovo": "https://upload.wikimedia.org/wikipedia/commons/thumb/1/10/Coat_of_arms_of_Kemerovo_Oblast.svg/48px-Coat_of_arms_of_Kemerovo_Oblast.svg.png",
  "novokuznetsk": "https://upload.wikimedia.org/wikipedia/commons/thumb/8/8a/Coat_of_Arms_of_Novokuznetsk_rayon_%28Kemerovo_oblast%29.png/48px-Coat_of_Arms_of_Novokuznetsk_rayon_%28Kemerovo_oblast%29.png",
  "ryazan": "https://upload.wikimedia.org/wikipedia/commons/thumb/0/02/Coat_of_arms_of_Ryazan_Oblast.svg/48px-Coat_of_arms_of_Ryazan_Oblast.svg.png",
  "donetsk": "https://upload.wikimedia.org/wikipedia/commons/thumb/3/37/Coat_of_Arms_of_Donetsk_Oblast_1999.svg/48px-Coat_of_Arms_of_Donetsk_Oblast_1999.svg.png",
  "tula": "https://upload.wikimedia.org/wikipedia/commons/thumb/a/a7/Coat_of_arms_of_Tula_1874.svg/48px-Coat_of_arms_of_Tula_1874.svg.png",
  "kirov": "https://upload.wikimedia.org/wikipedia/commons/thumb/0/07/Coat_of_arms_of_Kirov_Region.svg/48px-Coat_of_arms_of_Kirov_Region.svg.png",
  "kaliningrad": "https://upload.wikimedia.org/wikipedia/commons/thumb/2/23/Coat_of_Arms_of_Kaliningrad_Oblast.svg/48px-Coat_of_Arms_of_Kaliningrad_Oblast.svg.png",
  "bryansk": "https://upload.wikimedia.org/wikipedia/commons/thumb/2/2a/Coat_of_Arms_of_Bryansk_Oblast.svg/48px-Coat_of_Arms_of_Bryansk_Oblast.svg.png",
  "magnitogorsk": "https://upload.wikimedia.org/wikipedia/commons/thumb/d/de/Coat_of_Arms_of_Magnitogorsk_%28Chelyabinsk_oblast%29.gif/48px-Coat_of_Arms_of_Magnitogorsk_%28Chelyabinsk_oblast%29.gif",
  "sochi": "https://upload.wikimedia.org/wikipedia/commons/thumb/1/19/Coat_of_Arms_of_Sochi_%28Krasnodar_krai%29.svg/48px-Coat_of_Arms_of_Sochi_%28Krasnodar_krai%29.svg.png",
  "vladikavkaz": "https://upload.wikimedia.org/wikipedia/commons/thumb/7/7a/Coat_of_Arms_of_Vladikavkaz.png/48px-Coat_of_Arms_of_Vladikavkaz.png",
  "tambov": "https://upload.wikimedia.org/wikipedia/commons/thumb/3/37/Coat_of_Arms_of_Tambov_%282008%29.svg/48px-Coat_of_Arms_of_Tambov_%282008%29.svg.png",
  "ivanovo": "https://upload.wikimedia.org/wikipedia/commons/thumb/a/a9/Coat_of_Arms_of_Ivanovo_Oblast.svg/48px-Coat_of_Arms_of_Ivanovo_Oblast.svg.png",
  "tver": "https://upload.wikimedia.org/wikipedia/commons/thumb/1/1e/Coat_of_Arms_of_Nelidovskii_rayon_%28Tver_oblast%29.gif/48px-Coat_of_Arms_of_Nelidovskii_rayon_%28Tver_oblast%29.gif",
  "simferopol": "https://upload.wikimedia.org/wikipedia/commons/thumb/1/13/Coat_of_arms_of_Simferopol_1859.svg/48px-Coat_of_arms_of_Simferopol_1859.svg.png",
  "volzhsky": "https://upload.wikimedia.org/wikipedia/commons/thumb/3/3a/Coat_of_arms_of_Volzhsky_District.png/48px-Coat_of_arms_of_Volzhsky_District.png",
  "taganrog": "https://upload.wikimedia.org/wikipedia/commons/thumb/b/ba/Coat_of_Arms_of_Taganrog_1966.gif/48px-Coat_of_Arms_of_Taganrog_1966.gif",
  "sterlitamak": "https://upload.wikimedia.org/wikipedia/commons/thumb/9/99/Coat_of_Arms_of_Sterlitamak_%28Bashkiria%29.gif/48px-Coat_of_Arms_of_Sterlitamak_%28Bashkiria%29.gif",
  "petrozavodsk": "https://upload.wikimedia.org/wikipedia/commons/thumb/3/33/Petrozavodsk_Greater_Coat_of_Arms.svg/48px-Petrozavodsk_Greater_Coat_of_Arms.svg.png",
  "lipetsk": "https://upload.wikimedia.org/wikipedia/commons/thumb/7/71/Coat_of_Arms_of_Lipetsk_oblast.svg/48px-Coat_of_Arms_of_Lipetsk_oblast.svg.png",
  "cheboksary": "https://upload.wikimedia.org/wikipedia/commons/thumb/2/23/Coat_of_Arms_of_Cheboksary_%28Chuvashia%29.svg/48px-Coat_of_Arms_of_Cheboksary_%28Chuvashia%29.svg.png",
  "smolensk": "https://upload.wikimedia.org/wikipedia/commons/thumb/1/15/Coat_of_Arms_of_Smolensk_%28Smolensk_oblast%29_%282001%29.png/48px-Coat_of_Arms_of_Smolensk_%28Smolensk_oblast%29_%282001%29.png"
}